{
  "method": "EWC",
  "ewc_lambda": 1000,
  "seed": 43,
  "timestamp": "2026-02-28T19:28:34.678232",
  "task_sequence": [
    "rte",
    "mrpc",
    "cola",
    "sst2"
  ],
  "accuracy_matrix": {
    "rte": {
      "after_rte": 0.6101083032490975,
      "after_mrpc": 0.5126353790613718,
      "after_cola": 0.4620938628158845,
      "after_sst2": 0.48375451263537905
    },
    "mrpc": {
      "after_mrpc": 0.8161764705882353,
      "after_cola": 0.6838235294117647,
      "after_sst2": 0.7009803921568627
    },
    "cola": {
      "after_cola": 0.8207094918504314,
      "after_sst2": 0.6126558005752637
    },
    "sst2": {
      "after_sst2": 0.8795871559633027
    }
  },
  "avg_forgetting": 0.1499,
  "max_forgetting": 0.2081,
  "forgetting_per_task": {
    "rte": 0.1264,
    "mrpc": 0.1152,
    "cola": 0.2081
  },
  "final_avg_accuracy": 0.6692,
  "initial_avg_accuracy": 0.7816,
  "time_hours": 0.21
}