{
  "method": "EWC",
  "ewc_lambda": 1000,
  "seed": 44,
  "timestamp": "2026-02-28T19:40:35.792605",
  "task_sequence": [
    "rte",
    "mrpc",
    "cola",
    "sst2"
  ],
  "accuracy_matrix": {
    "rte": {
      "after_rte": 0.6137184115523465,
      "after_mrpc": 0.48375451263537905,
      "after_cola": 0.4620938628158845,
      "after_sst2": 0.4657039711191336
    },
    "mrpc": {
      "after_mrpc": 0.8161764705882353,
      "after_cola": 0.678921568627451,
      "after_sst2": 0.7107843137254902
    },
    "cola": {
      "after_cola": 0.8120805369127517,
      "after_sst2": 0.5906040268456376
    },
    "sst2": {
      "after_sst2": 0.8520642201834863
    }
  },
  "avg_forgetting": 0.1583,
  "max_forgetting": 0.2215,
  "forgetting_per_task": {
    "rte": 0.148,
    "mrpc": 0.1054,
    "cola": 0.2215
  },
  "final_avg_accuracy": 0.6548,
  "initial_avg_accuracy": 0.7735,
  "time_hours": 0.2002
}