{
  "experiment_id": "phase7_ext_v2_lora_seed46",
  "phase": "7_extended_v2",
  "method": "lora",
  "seed": 46,
  "timestamp": "2026-02-27T23:03:53.680854",
  "task_sequence": [
    "rte",
    "mrpc",
    "cola",
    "sst2"
  ],
  "accuracy_matrix": {
    "rte": {
      "after_rte": 0.5306859205776173,
      "after_mrpc": 0.4657039711191336,
      "after_cola": 0.4657039711191336,
      "after_sst2": 0.4657039711191336
    },
    "mrpc": {
      "after_mrpc": 0.6838235294117647,
      "after_cola": 0.6862745098039216,
      "after_sst2": 0.6862745098039216
    },
    "cola": {
      "after_cola": 0.6999041227229147,
      "after_sst2": 0.7219558964525408
    },
    "sst2": {
      "after_sst2": 0.5217889908256881
    }
  },
  "forgetting_metrics": {
    "avg_forgetting": 0.0135,
    "max_forgetting": 0.065,
    "forgetting_per_task": {
      "rte": 0.065,
      "mrpc": -0.0025,
      "cola": -0.0221
    },
    "final_avg_accuracy": 0.5989,
    "initial_avg_accuracy": 0.6091
  },
  "metrics": {
    "total_time_hours": 0.2199
  }
}