{
  "model": "roberta-base",
  "method": "full",
  "seed": 43,
  "timestamp": "2026-03-01T19:08:09.406204",
  "task_sequence": [
    "rte",
    "mrpc",
    "cola",
    "sst2"
  ],
  "accuracy_matrix": {
    "rte": {
      "after_rte": 0.7292418772563177,
      "after_mrpc": 0.5054151624548736,
      "after_cola": 0.4693140794223827,
      "after_sst2": 0.47653429602888087
    },
    "mrpc": {
      "after_mrpc": 0.8774509803921569,
      "after_cola": 0.6862745098039216,
      "after_sst2": 0.6568627450980392
    },
    "cola": {
      "after_cola": 0.8216682646212847,
      "after_sst2": 0.6212847555129435
    },
    "sst2": {
      "after_sst2": 0.8979357798165137
    }
  },
  "forgetting_metrics": {
    "avg_forgetting": 0.2246,
    "max_forgetting": 0.2527,
    "forgetting_per_task": {
      "rte": 0.2527,
      "mrpc": 0.2206,
      "cola": 0.2004
    },
    "final_avg_accuracy": 0.6632,
    "initial_avg_accuracy": 0.8316
  },
  "time_hours": 0.2771
}