{
  "model": "roberta-base",
  "method": "full",
  "seed": 42,
  "timestamp": "2026-03-01T18:51:31.810338",
  "task_sequence": [
    "rte",
    "mrpc",
    "cola",
    "sst2"
  ],
  "accuracy_matrix": {
    "rte": {
      "after_rte": 0.7256317689530686,
      "after_mrpc": 0.5126353790613718,
      "after_cola": 0.4584837545126354,
      "after_sst2": 0.3971119133574007
    },
    "mrpc": {
      "after_mrpc": 0.8725490196078431,
      "after_cola": 0.6862745098039216,
      "after_sst2": 0.6421568627450981
    },
    "cola": {
      "after_cola": 0.825503355704698,
      "after_sst2": 0.5666347075743049
    },
    "sst2": {
      "after_sst2": 0.911697247706422
    }
  },
  "forgetting_metrics": {
    "avg_forgetting": 0.2726,
    "max_forgetting": 0.3285,
    "forgetting_per_task": {
      "rte": 0.3285,
      "mrpc": 0.2304,
      "cola": 0.2589
    },
    "final_avg_accuracy": 0.6294,
    "initial_avg_accuracy": 0.8338
  },
  "time_hours": 0.1248
}