{
  "config_name": "freeze_10_of_12",
  "description": "Freeze layers 0-9, train layers 10-11 + classifier (~85% frozen)",
  "seed": 42,
  "frozen_percentage": 86.51,
  "trainable_params": 14767874,
  "total_params": 109483778,
  "accuracy_matrix": {
    "rte": {
      "after_rte": 0.5595667870036101,
      "after_mrpc": 0.47653429602888087,
      "after_cola": 0.4657039711191336,
      "after_sst2": 0.4259927797833935
    },
    "mrpc": {
      "after_mrpc": 0.7279411764705882,
      "after_cola": 0.6985294117647058,
      "after_sst2": 0.5882352941176471
    },
    "cola": {
      "after_cola": 0.7679769894534996,
      "after_sst2": 0.5656759348034516
    },
    "sst2": {
      "after_sst2": 0.8428899082568807
    }
  },
  "avg_forgetting": 0.1585,
  "max_forgetting": 0.2023,
  "forgetting_per_task": {
    "rte": 0.1336,
    "mrpc": 0.1397,
    "cola": 0.2023
  },
  "time_hours": 0.1446
}