{
  "config_name": "lora_all_layers",
  "description": "LoRA applied to ALL layers (query+value), ~99.7% frozen (standard LoRA)",
  "seed": 44,
  "frozen_percentage": 99.73,
  "trainable_params": 296450,
  "total_params": 109780228,
  "accuracy_matrix": {
    "rte": {
      "after_rte": 0.5523465703971119,
      "after_mrpc": 0.4729241877256318,
      "after_cola": 0.4657039711191336,
      "after_sst2": 0.4657039711191336
    },
    "mrpc": {
      "after_mrpc": 0.6838235294117647,
      "after_cola": 0.6862745098039216,
      "after_sst2": 0.6813725490196079
    },
    "cola": {
      "after_cola": 0.6941514860977949,
      "after_sst2": 0.7075743048897412
    },
    "sst2": {
      "after_sst2": 0.5149082568807339
    }
  },
  "avg_forgetting": 0.0252,
  "max_forgetting": 0.0866,
  "forgetting_per_task": {
    "rte": 0.0866,
    "mrpc": 0.0025,
    "cola": -0.0134
  },
  "time_hours": 0.2085
}